{
    "RMSE": 9601.280029246518,
    "MAE": 7525.580144339674,
    "R2_SCORE": 0.4062136462294198
}